class_room,teachers_name,student_firstname,student_lastname,gender,joined_year
A,Emily,Moshe,Roos,M,2019
C,Isabella,Avrom,Sibbe,M,2018
C,Isabella,Monroe,Degg,M,2018
B,Emily,Dolph,Richarson,M,2019
C,Isabella,Lurleen,Cockland,F,2018
A,Emily,Ivett,Cerro,F,2018
B,Emily,Sonnnie,Lucy,F,2019
A,Emily,Kyle,Pinnigar,M,2017
A,Emily,Monti,Arrault,M,2017
B,Emily,Horst,Lufkin,M,2018
C,Isabella,Thorn,Landsbury,M,2019
A,Emily,Darice,Uppett,F,2019
A,Emily,Giordano,Gamell,M,2018
A,Emily,Pierce,Dessant,M,2017
B,Emily,Arty,Rameau,M,2017
A,Emily,Bertie,Nathan,F,2019
A,Emily,Loretta,Bedells,F,2018
C,Isabella,Juana,MacGall,F,2018
A,Emily,Levey,Brandsma,M,2017
B,Emily,Shirley,Kettlewell,F,2019
C,Isabella,Danica,Chaloner,F,2018
A,Emily,Lammond,Lequeux,M,2017
A,Emily,Andi,Skeldon,F,2019
C,Isabella,Ame,Bourgeois,F,2018
B,Emily,Nicholas,Merrifield,M,2018
C,Isabella,Cassy,Bockmann,F,2019
A,Emily,Mayor,Ellwell,M,2019
C,Isabella,Dwight,Pendred,M,2017
C,Isabella,Jessamine,Crookes,F,2019
C,Isabella,Chucho,Slimm,M,2018
C,Isabella,Annadiane,MacKenny,F,2018
B,Emily,Petrina,Wesgate,F,2018
C,Isabella,Jeniece,Jardine,F,2019
B,Emily,Theodore,Favela,M,2019
B,Emily,Angelique,Avrahamov,F,2018
A,Emily,Buffy,MacDaid,F,2019
A,Emily,Shae,Riddiough,M,2019
C,Isabella,Ki,Goves,F,2019
C,Isabella,Lavinie,Conre,F,2018
B,Emily,Bab,Abrahamowitcz,F,2017
B,Emily,Frances,Lockey,F,2019
A,Emily,Christel,Hayworth,F,2018
C,Isabella,Rutger,Exton,M,2019
B,Emily,Sherwin,Wadwell,M,2018
A,Emily,Gav,Witherbed,M,2018
B,Emily,Abby,Gladhill,M,2019
C,Isabella,Bendix,Bazley,M,2019
B,Emily,Hendrik,Szwandt,M,2017
C,Isabella,Sargent,Mosco,M,2018
A,Emily,Yolanda,Giorgioni,F,2019
C,Isabella,Mina,Morican,F,2017
A,Emily,Agnesse,Vaudrey,F,2018
A,Emily,Therese,Evenden,F,2018
B,Emily,Chandal,Le Brun,F,2018
A,Emily,Kial,Jalland,F,2019
C,Isabella,Coleman,Winsborrow,M,2017
B,Emily,Mavra,Tasseler,F,2019
A,Emily,Conan,Vaune,M,2018
B,Emily,Hinze,Allom,M,2018
C,Isabella,Tristan,Disbrow,M,2018
B,Emily,Izabel,Gidley,F,2019
A,Emily,Richard,Orritt,M,2018
C,Isabella,Mike,Hackelton,M,2019
B,Emily,Hi,Woollard,M,2019
A,Emily,Randie,Swadlen,M,2019
C,Isabella,Georges,Titterington,M,2017
C,Isabella,Elnar,Bowick,M,2019
A,Emily,Lurline,Clifton,F,2019
C,Isabella,Corine,Artist,F,2017
C,Isabella,Ollie,Whimper,F,2019
B,Emily,Hedda,Bonsale,F,2019
A,Emily,Obadiah,Szymonwicz,M,2019
C,Isabella,Mirabella,Rabley,F,2019
B,Emily,Ag,Bradburne,F,2019
A,Emily,Rodger,Filshin,M,2018
A,Emily,Phil,Bebis,M,2018
C,Isabella,Aurora,Grishakin,F,2018
B,Emily,Vail,Tennick,M,2018
B,Emily,Evelin,Dawbury,M,2017
A,Emily,Wiley,Keysall,M,2018
B,Emily,Amelita,Micallef,F,2019
A,Emily,Frants,Fountaine,M,2018
C,Isabella,Kizzee,Sturmey,F,2018
C,Isabella,Kellen,Mcmanaman,M,2017
A,Emily,Koo,Boyland,F,2018
B,Emily,Ody,Hirthe,M,2017
A,Emily,Jerrold,Lambarton,M,2018
A,Emily,Sandye,Lanfere,F,2018
C,Isabella,Gerta,Routledge,F,2019
C,Isabella,Tobiah,Jorat,M,2018
C,Isabella,Luther,Abethell,M,2018
A,Emily,Rriocard,Harnetty,M,2017
C,Isabella,Dee dee,Nehl,F,2019
A,Emily,Trudy,Rentoll,F,2017
A,Emily,Brynna,McCoy,F,2018
C,Isabella,Tyrone,Beech,M,2017
A,Emily,Janina,Gercke,F,2019
B,Emily,Winn,Lorens,M,2018
B,Emily,Leroy,Semple,M,2017
C,Isabella,Brett,Dibdale,M,2019
C,Isabella,Dannel,Struis,M,2018
C,Isabella,Othelia,Wisdom,F,2017
B,Emily,Dedie,McRitchie,F,2018
C,Isabella,Katherina,Conibear,F,2018
C,Isabella,Weber,Foulks,M,2019
A,Emily,Drew,Picken,M,2018
B,Emily,Georas,Kerry,M,2017
A,Emily,Stewart,Haynes,M,2018
B,Emily,Judas,Flacke,M,2017
B,Emily,Nona,Alasdair,F,2018
A,Emily,Meyer,Quaintance,M,2017
A,Emily,Kacie,Karim,F,2018
B,Emily,Richard,Smallpiece,M,2018
A,Emily,Guthrie,Joan,M,2018
A,Emily,Amitie,Halle,F,2017
A,Emily,Fonz,Segebrecht,M,2017
A,Emily,Marline,Impey,F,2018
A,Emily,Bronson,Prangnell,M,2019
A,Emily,Gearalt,Djorvic,M,2019
A,Emily,Alana,Buckney,F,2018
C,Isabella,Alyda,Guiet,F,2017
C,Isabella,Orly,Fripp,F,2017
C,Isabella,Judy,Oman,F,2017
C,Isabella,Savina,Giorgio,F,2019
A,Emily,Eugene,Lutwyche,M,2019
A,Emily,Alister,Poytress,M,2017
B,Emily,Harlene,Colston,F,2018
A,Emily,Lorettalorna,Hanse,F,2017
C,Isabella,Charlean,Biaggi,F,2018
B,Emily,Hagen,Stryde,M,2018
C,Isabella,Mathian,Mouatt,M,2018
A,Emily,Lew,Verbruggen,M,2019
C,Isabella,Thane,Hurn,M,2018
A,Emily,Alfreda,Down,F,2019
C,Isabella,Elysha,Eustis,F,2018
A,Emily,Danika,Skudder,F,2019
A,Emily,Farly,Scinelli,M,2018
B,Emily,Joey,Fawks,F,2017
B,Emily,Barny,Campo,M,2019
C,Isabella,Carola,Spinello,F,2018
B,Emily,Valentino,Crowdy,M,2018
C,Isabella,Diandra,Byart,F,2018
C,Isabella,Lanny,Dykes,M,2019
B,Emily,Dan,Done,M,2017
A,Emily,Carlynne,Mournian,F,2019
C,Isabella,Niel,Mochan,M,2019
C,Isabella,Eal,Brooker,M,2018
C,Isabella,Moira,Tackell,F,2017
C,Isabella,Burt,Jachimczak,M,2018
A,Emily,Michale,McLanaghan,M,2017
B,Emily,Mae,Witherbed,F,2017
A,Emily,Chev,Boor,M,2019
A,Emily,Coleman,Ralston,M,2019
A,Emily,Aluin,Matthieson,M,2017
A,Emily,Celesta,Sandaver,F,2017
B,Emily,Pebrook,Ramsdale,M,2019
C,Isabella,Austin,Jeannesson,M,2018
B,Emily,Galina,Westwater,F,2017
B,Emily,Bartholomeo,Winney,M,2017
C,Isabella,Camey,Pendrigh,M,2017
A,Emily,Yurik,McNeil,M,2017
B,Emily,Blair,Portam,M,2019
C,Isabella,Boone,Fishpond,M,2017
B,Emily,Hunfredo,Ugolotti,M,2017
A,Emily,Dyana,Prettejohns,F,2017
B,Emily,Melodee,Eagleston,F,2018
C,Isabella,Wolfgang,Cicchinelli,M,2017
B,Emily,Wiley,Domerque,M,2017
A,Emily,Kenton,Skym,M,2017
B,Emily,Inger,Pensom,F,2019
C,Isabella,Sherill,Skewes,F,2019
C,Isabella,Lissi,Pikesley,F,2018
A,Emily,Charmain,Crippes,F,2018
C,Isabella,Griffin,Swadden,M,2017
B,Emily,Mirabelle,D'Ambrogi,F,2019
C,Isabella,Edouard,Pilgram,M,2017
B,Emily,Helsa,Spavins,F,2019
B,Emily,Candra,Ioselevich,F,2018
C,Isabella,Woodie,Drogan,M,2019
C,Isabella,Marie-jeanne,Franchi,F,2017
B,Emily,Zsa zsa,Rupke,F,2017
A,Emily,Domini,Nunnery,F,2019
B,Emily,Towney,Rowles,M,2017
C,Isabella,Casey,Griffe,F,2019
C,Isabella,Angelo,Hirsch,M,2018
B,Emily,Odetta,Ritter,F,2017
A,Emily,August,McCarry,M,2018
A,Emily,Bren,Corfield,M,2018
A,Emily,Cameron,Spickett,M,2017
C,Isabella,Barron,Scheffler,M,2017
B,Emily,Kenyon,Mourton,M,2017
A,Emily,Antoine,O'Henery,M,2018
C,Isabella,Conni,Tournay,F,2019
C,Isabella,Michel,Clegg,M,2019
B,Emily,Jessie,Buzza,F,2017
B,Emily,Aviva,Ellsworthe,F,2018
A,Emily,Alexis,Antill,F,2018
A,Emily,Dimitri,Mosdall,M,2017
B,Emily,Lavinie,Stotherfield,F,2017
B,Emily,Ardine,Daughtery,F,2018
C,Isabella,Rowen,Brimacombe,M,2018
C,Isabella,Linnie,Relton,F,2017
C,Isabella,Reeta,Blinerman,F,2017
B,Emily,Moises,Rogge,M,2018
B,Emily,Miner,Lovekin,M,2017
B,Emily,Abraham,Cords,M,2019
C,Isabella,Cal,McCambrois,M,2019
B,Emily,Lonnie,Rydeard,M,2017
B,Emily,Ricca,Sharrem,F,2017
A,Emily,Roberto,Boothby,M,2019
B,Emily,Roxine,Ackerley,F,2019
C,Isabella,Kermie,Azemar,M,2019
A,Emily,Ash,Hodges,M,2017
B,Emily,Erhard,Macbane,M,2019
A,Emily,Rae,Cheek,F,2017
B,Emily,Fanny,Atte-Stone,F,2019
B,Emily,Isabel,Berling,F,2019
A,Emily,Kahaleel,Kops,M,2017
A,Emily,Carolan,Simmings,F,2018
C,Isabella,Huberto,Schafer,M,2017
A,Emily,Yuma,Craghead,M,2017
A,Emily,Crawford,Staveley,M,2017
A,Emily,Phyllida,Epton,F,2018
B,Emily,Alley,Aleksankov,M,2019
B,Emily,Ely,Bradford,M,2019
C,Isabella,Delila,Babbs,F,2017
C,Isabella,Marve,Fortnon,M,2018
C,Isabella,Arda,Rieflin,F,2018
B,Emily,Luci,Moorfield,F,2018
A,Emily,Dianna,Tittershill,F,2018
C,Isabella,Cymbre,Juhruke,F,2017
C,Isabella,Sallyann,Cull,F,2018
A,Emily,Torr,Sawkin,M,2019
B,Emily,Bret,Lownie,M,2017
C,Isabella,Jerrie,Ogers,M,2017
C,Isabella,Cherice,Balma,F,2018
A,Emily,Dotty,Rugieri,F,2019
B,Emily,Davida,Wain,F,2019
B,Emily,Gibb,Mottinelli,M,2018
B,Emily,Sancho,Iaduccelli,M,2018
A,Emily,Cirilo,Seifenmacher,M,2018
B,Emily,Legra,Espinoy,F,2019
A,Emily,Annabel,Petrovykh,F,2018
B,Emily,Randee,Eytel,F,2018
C,Isabella,Brigida,Kerbey,F,2019
C,Isabella,Nikita,Deplacido,M,2017
A,Emily,Briano,Tolossi,M,2019
A,Emily,Evey,Chattington,F,2018
A,Emily,Alice,Radwell,F,2017
B,Emily,Ianthe,Crankshaw,F,2017
A,Emily,Grace,Jekyll,F,2018
A,Emily,Ricca,Baysting,F,2017
A,Emily,Gabriellia,Seggie,F,2019
B,Emily,Stephana,Garnar,F,2018
A,Emily,Jemmie,Holhouse,F,2019
C,Isabella,Doro,Brooks,F,2019
C,Isabella,Elmira,Tranfield,F,2019
A,Emily,Bealle,Popham,M,2017
A,Emily,Orrin,Graysmark,M,2018
A,Emily,Janis,Brandrick,F,2018
B,Emily,Ian,Phillipson,M,2019
C,Isabella,Bronson,Durie,M,2018
A,Emily,Victoria,Twycross,F,2019
B,Emily,Selestina,Okey,F,2019
A,Emily,Erroll,Mitchel,M,2018
C,Isabella,Lindsay,Shopcott,F,2018
B,Emily,Fanchon,Thorlby,F,2019
A,Emily,Ulberto,Lavielle,M,2019
A,Emily,Danielle,Blacket,F,2017
B,Emily,Elvina,Dyott,F,2019
C,Isabella,Baudoin,Piggott,M,2017
C,Isabella,Bertie,Follis,F,2017
C,Isabella,Hortense,Klewer,F,2019
C,Isabella,Florry,Coyle,F,2017
B,Emily,Nikolia,Decourt,F,2018
B,Emily,Devi,Snazle,F,2017
A,Emily,Torey,Anderton,M,2018
B,Emily,Isabel,Cockburn,F,2019
C,Isabella,Elfreda,Burtonwood,F,2018
A,Emily,Rhea,Sharrier,F,2017
C,Isabella,Kati,Buxsey,F,2018
A,Emily,Charleen,Sproule,F,2018
C,Isabella,Olia,Wavell,F,2019
C,Isabella,Mason,Sowte,M,2018
B,Emily,Wolfgang,Sherwyn,M,2018
B,Emily,Hercule,Hintzer,M,2019
C,Isabella,Brigitte,Garner,F,2018
A,Emily,Elvyn,Aucutt,M,2019
A,Emily,Essa,Notman,F,2017
A,Emily,Kendra,Kubes,F,2019
C,Isabella,Alexandra,Yerbury,F,2019
A,Emily,Jen,William,F,2018
B,Emily,Alley,Niessen,M,2018
B,Emily,Sandie,Roubottom,F,2019
B,Emily,Eddy,Fransoni,M,2018
C,Isabella,Dwayne,Wellbeloved,M,2017
A,Emily,Bartie,Coleborn,M,2018
A,Emily,Del,Van Eeden,M,2019
C,Isabella,Jody,Tuckwood,M,2019
A,Emily,Wrennie,Thurske,F,2019
B,Emily,Ange,Clemendot,F,2019
A,Emily,Xymenes,O'Tuohy,M,2017
C,Isabella,Marrilee,Ingliss,F,2017
B,Emily,Benita,Pasque,F,2018
B,Emily,Phylis,Pedrozzi,F,2019
A,Emily,Zaccaria,Stoeck,M,2019
C,Isabella,Doralyn,Watman,F,2017
C,Isabella,Erena,Curd,F,2018
B,Emily,Cally,Hablet,F,2017
C,Isabella,Lila,Buten,F,2017
C,Isabella,Paul,Eliyahu,M,2019
B,Emily,Cammi,Jiranek,F,2018
C,Isabella,Ike,Camfield,M,2018
C,Isabella,Shellysheldon,Compston,M,2017
A,Emily,Agnola,Garford,F,2019
B,Emily,Bernelle,Jeanesson,F,2019
C,Isabella,Marlowe,Galey,M,2019
A,Emily,Christopher,Duprey,M,2018
B,Emily,Gerald,Kubas,M,2018
B,Emily,Filippo,Goodings,M,2019
A,Emily,Fairlie,Gostick,M,2018
B,Emily,Miles,Ioannou,M,2017
B,Emily,Talyah,Cupitt,F,2018
C,Isabella,Aleksandr,Cholerton,M,2018
B,Emily,Britteny,Gentric,F,2019
A,Emily,Neville,Fuge,M,2017
A,Emily,Tamera,Rulf,F,2018
C,Isabella,Edwin,Stovell,M,2019
B,Emily,Duky,Nester,M,2017
A,Emily,Sissy,Camilio,F,2017
C,Isabella,Frankie,Rainon,F,2017
C,Isabella,Al,Ligerton,M,2019
B,Emily,Arabella,Vaissiere,F,2019
A,Emily,Gaile,Umbers,M,2019
B,Emily,Yance,Antonioni,M,2019
A,Emily,Chris,Spadoni,M,2017
C,Isabella,Martino,Pharo,M,2018
C,Isabella,Vivyanne,Kienlein,F,2019
B,Emily,Frankie,Fanthome,M,2019
C,Isabella,Danila,Laurenz,F,2018
C,Isabella,Noellyn,Kenningham,F,2018
A,Emily,Kristy,Titmuss,F,2018
A,Emily,Alister,Syred,M,2017
B,Emily,Annabelle,Buxy,F,2017
C,Isabella,Carolina,Rawcliff,F,2018
C,Isabella,Mariel,Isacsson,F,2017
A,Emily,Nancie,Farrell,F,2018
A,Emily,Sterne,Leve,M,2019
C,Isabella,Hannah,Cromar,F,2019
C,Isabella,Myranda,Fend,F,2018
A,Emily,Josephine,Hartop,F,2019
C,Isabella,Darya,Rollason,F,2018
A,Emily,Cello,Wadge,M,2018
A,Emily,Pierrette,Leuchars,F,2018
A,Emily,Prentice,Ciobutaru,M,2019
C,Isabella,Abran,Brugsma,M,2019
B,Emily,Findley,Balderstone,M,2017
A,Emily,Tobey,Cornilleau,F,2017
A,Emily,Solomon,Southerns,M,2017
B,Emily,Catharine,Balassa,F,2018
C,Isabella,Chantal,Bettlestone,F,2018
C,Isabella,Carol-jean,Frances,F,2017
B,Emily,Herschel,Harsent,M,2017
C,Isabella,Lucky,Mottley,F,2018
C,Isabella,Feliza,Gainsburgh,F,2019
C,Isabella,Yorke,Vost,M,2017
B,Emily,Luella,Kelso,F,2017
A,Emily,Evan,Roarty,M,2018
C,Isabella,Renard,Gedge,M,2018
C,Isabella,Philis,Bentzen,F,2019
B,Emily,Bobbi,Gowenlock,F,2019
A,Emily,Nicole,Dugget,F,2018
B,Emily,Kip,Gioani,M,2018
B,Emily,Ardelle,Borris,F,2017
C,Isabella,Ashley,Timlin,M,2017
A,Emily,Denise,Joderli,F,2019
C,Isabella,Meara,Woodson,F,2017
B,Emily,Carissa,Ross,F,2019
B,Emily,Alejandro,De Bischop,M,2018
A,Emily,Dru,Kittoe,F,2019
A,Emily,Jamison,Frankcombe,M,2019
C,Isabella,Leopold,Daybell,M,2019
B,Emily,Jesse,Ducaen,F,2018
C,Isabella,Evey,Wadelin,F,2018
B,Emily,Danita,Speaks,F,2018
C,Isabella,Neala,Cuerda,F,2017
B,Emily,Roberta,Kennaird,F,2018
B,Emily,Bartlet,Arlow,M,2019
B,Emily,Welsh,Sisson,M,2019
B,Emily,Aurore,Gammett,F,2019
C,Isabella,Wood,Peckitt,M,2018
B,Emily,Garreth,Crosham,M,2018
C,Isabella,Herta,Gorges,F,2018
A,Emily,Jelene,Hazard,F,2018
C,Isabella,Lilly,Forrest,F,2018
B,Emily,Remington,Setch,M,2017
A,Emily,Von,Taunton,M,2017
A,Emily,Veriee,Oldham,F,2018
A,Emily,Harcourt,Hurtic,M,2018
B,Emily,Luz,Pittham,F,2019
C,Isabella,Chad,McCaskell,M,2018
C,Isabella,Carl,Bearman,M,2018
B,Emily,Hall,Faherty,M,2019
A,Emily,Devon,Tussaine,F,2019
A,Emily,Lazaro,Jakucewicz,M,2017
C,Isabella,Mordy,Saffran,M,2019
C,Isabella,Godfry,Stairmand,M,2018
C,Isabella,Julie,Dudliston,M,2017
A,Emily,Robbie,Dannehl,F,2017
C,Isabella,Ferdinand,Pinchback,M,2018
C,Isabella,Christi,Lewnden,F,2018
A,Emily,Rozanne,Uppett,F,2017
B,Emily,Vasilis,Wansbury,M,2018
C,Isabella,Sawyer,Bullin,M,2017
A,Emily,Hayes,Longea,M,2018
A,Emily,Kyrstin,Spellicy,F,2018
A,Emily,Fernando,Tuplin,M,2019
C,Isabella,Culley,Goreway,M,2018
C,Isabella,Fergus,Steers,M,2019
B,Emily,Alf,Merigot,M,2018
A,Emily,Deerdre,Klulicek,F,2017
A,Emily,Barnie,Albarez,M,2019
B,Emily,Mommy,Eannetta,F,2019
C,Isabella,Ritchie,Kos,M,2017
C,Isabella,Bonni,Shewan,F,2019
A,Emily,Rikki,Fleet,M,2018
B,Emily,August,Cunniff,M,2018
C,Isabella,Jory,Gissing,M,2018
A,Emily,Vassili,Exell,M,2017
B,Emily,Terence,Blaxland,M,2019
A,Emily,Ebony,Shakelade,F,2017
B,Emily,Daryle,Pattesall,M,2019
C,Isabella,Gaston,Tineman,M,2018
A,Emily,Berna,Cicchillo,F,2017
B,Emily,Bobette,Cranshaw,F,2018
B,Emily,Farrel,Smolan,M,2017
C,Isabella,Barnett,Paine,M,2017
A,Emily,Kimmi,Nettle,F,2018
B,Emily,Emera,Dome,F,2018
C,Isabella,Anne-marie,Thornton-Dewhirst,F,2017
B,Emily,Patricio,Shead,M,2018
A,Emily,Ralina,Leyden,F,2018
B,Emily,Ericka,Foss,F,2019
C,Isabella,Skyler,Dubois,M,2018
C,Isabella,Hephzibah,Spoor,F,2019
B,Emily,Ryun,Wandrey,M,2019
A,Emily,Jamey,Kubista,M,2017
A,Emily,Ursala,Lockery,F,2018
B,Emily,Judon,Axel,M,2017
C,Isabella,Nelson,St Leger,M,2018
B,Emily,Woodrow,Antonsson,M,2018
A,Emily,Arlee,Doud,F,2017
C,Isabella,Zorana,Boik,F,2018
C,Isabella,Alphonso,Lutman,M,2018
A,Emily,Hagen,Comelli,M,2018
A,Emily,Gianina,Lesor,F,2018
B,Emily,Leoine,Brennand,F,2017
B,Emily,Jobey,Seamer,F,2017
A,Emily,Tabbie,Siemens,M,2017
B,Emily,Norine,Asbury,F,2017
A,Emily,Jorgan,Jedrychowski,M,2018
C,Isabella,Thurstan,Benting,M,2017
A,Emily,Ronald,Tuffrey,M,2018
C,Isabella,Bevon,Shutler,M,2018
B,Emily,Vanny,Sach,F,2017
C,Isabella,Towny,Isham,M,2018
B,Emily,Mariann,Aloway,F,2019
C,Isabella,Wayne,Tomala,M,2019
A,Emily,Krysta,Tunn,F,2018
B,Emily,Kerr,Luno,M,2017
A,Emily,Marcia,Dugmore,F,2017
C,Isabella,Dorrie,Paaso,F,2018
A,Emily,Clywd,Kayser,M,2018
A,Emily,Lamont,Borres,M,2018
B,Emily,Harley,Potes,M,2017
C,Isabella,Rube,Asee,M,2017
C,Isabella,Calypso,Vollam,F,2017
B,Emily,Tris,Scolland,M,2019
B,Emily,Gaelan,Stocken,M,2017
A,Emily,Shela,Card,F,2017
B,Emily,Peirce,Heaseman,M,2019
B,Emily,Deonne,Berka,F,2018
A,Emily,Virgie,McGrudder,M,2018
B,Emily,Kayne,Lamkin,M,2017
A,Emily,Sarene,Duncanson,F,2017
A,Emily,Claudian,Sneaker,M,2019
B,Emily,Che,Sink,M,2017
C,Isabella,Evanne,Palluschek,F,2019
B,Emily,Benjamen,Blinkhorn,M,2017
B,Emily,Trenna,Piggen,F,2018
B,Emily,Junie,Crebo,F,2019
C,Isabella,Leopold,Pettecrew,M,2017
C,Isabella,Cthrine,Buchett,F,2017
C,Isabella,Catriona,Rolstone,F,2017
B,Emily,Lou,Mattessen,F,2017
A,Emily,Boony,Drake,M,2017
A,Emily,Ives,Roseburgh,M,2019
C,Isabella,Mannie,Greder,M,2018
A,Emily,Adelina,Francillo,F,2017
B,Emily,Orran,Deignan,M,2017
B,Emily,Herve,Hirche,M,2017
C,Isabella,Felecia,Saben,F,2019
A,Emily,Carleton,Lodo,M,2017
B,Emily,Jessamyn,Oller,F,2017
A,Emily,Dur,Hotton,M,2019
B,Emily,Tomas,Maddin,M,2019
C,Isabella,Bary,Gudgion,M,2018
B,Emily,Royce,Scanlon,M,2018
A,Emily,Anne-marie,Avrahm,F,2019
C,Isabella,Edna,Vaskov,F,2018
B,Emily,Nola,Alderton,F,2018
B,Emily,Michaela,Charlick,F,2019
C,Isabella,Rees,Neljes,M,2019
A,Emily,Odey,Beades,M,2019
A,Emily,Atlante,Grocutt,F,2018
C,Isabella,Costanza,Todaro,F,2019
B,Emily,Lavina,Piercy,F,2018
A,Emily,Bernarr,Rubartelli,M,2018
A,Emily,Giovanni,Fenwick,M,2017
A,Emily,Pierette,Jerzycowski,F,2017
B,Emily,Teena,Sidry,F,2017
C,Isabella,Manfred,Turbefield,M,2019
C,Isabella,Ozzie,Pidgeley,M,2017
A,Emily,Northrop,Hampstead,M,2019
C,Isabella,Dunn,Widdall,M,2018
B,Emily,Margo,Hanscomb,F,2019
C,Isabella,Saidee,Damp,F,2018
B,Emily,Jean,Pennick,F,2018
B,Emily,Riannon,Sivill,F,2017
B,Emily,Kessiah,Benettelli,F,2017
C,Isabella,Packston,MacKeague,M,2017
A,Emily,Lavinie,Mailey,F,2018
B,Emily,Othelia,Gorvette,F,2017
A,Emily,Gill,Bohling,F,2018
A,Emily,April,Leroux,F,2018
B,Emily,Carver,Emerine,M,2019
A,Emily,Horacio,Kinnach,M,2017
B,Emily,Morley,Jancic,M,2018
C,Isabella,Ginger,De Witt,M,2017
B,Emily,Daron,Wincom,M,2018
B,Emily,Manfred,Baitey,M,2017
C,Isabella,Kerwin,Mockford,M,2018
B,Emily,Hunfredo,Chestnutt,M,2017
C,Isabella,Shawna,Mergue,F,2017
B,Emily,Foster,Clowsley,M,2019
C,Isabella,Gloria,Gawler,F,2019
B,Emily,Blisse,Mobbs,F,2018
A,Emily,Bobette,Gisby,F,2017
B,Emily,Ingelbert,Gilks,M,2018
A,Emily,Manda,Brabham,F,2019
A,Emily,Emory,Van Niekerk,M,2019
C,Isabella,Erinn,Bockmaster,F,2019
A,Emily,Lucky,Kitchingman,F,2017
A,Emily,Carey,Clayden,M,2018
C,Isabella,Yehudit,Hartwell,M,2019
A,Emily,Howie,Poynter,M,2018
A,Emily,Harrison,Cantle,M,2017
C,Isabella,Lennie,Lethibridge,M,2018
A,Emily,Worthington,Bortolotti,M,2017
B,Emily,Lalo,Tisor,M,2019
B,Emily,Dalis,Woolway,M,2019
A,Emily,Celestine,Aggiss,F,2018
A,Emily,Harriot,Bellino,F,2018
C,Isabella,Latrena,Tarbard,F,2017
A,Emily,Findley,Mussetti,M,2017
A,Emily,Kendal,Phetteplace,M,2017
B,Emily,Sal,McLorinan,F,2018
B,Emily,Nealson,Korbmaker,M,2018
B,Emily,Tye,McConnulty,M,2019
A,Emily,Blondie,Filpo,F,2018
A,Emily,Dewain,Barks,M,2018
C,Isabella,Ali,Lippett,M,2018
A,Emily,Frederich,Humphrey,M,2018
B,Emily,Gabrila,Donhardt,F,2018
C,Isabella,Jabez,Sargison,M,2017
A,Emily,Flossi,Colleer,F,2018
C,Isabella,Ingaberg,Dannatt,F,2018
A,Emily,Lenora,Sally,F,2019
A,Emily,Skell,Effaunt,M,2019
B,Emily,Stacia,Mortlock,F,2019
B,Emily,Sheba,Darrow,F,2019
C,Isabella,Kimmy,Dory,F,2019
A,Emily,Wadsworth,Rebanks,M,2017
A,Emily,Zechariah,Edmans,M,2017
C,Isabella,Carole,Dietz,F,2019
B,Emily,Carlene,Cockburn,F,2017
B,Emily,Woodman,Lovering,M,2019
C,Isabella,Camellia,Yakovich,F,2019
A,Emily,Lowell,Riddel,M,2019
B,Emily,Marlin,Rasmus,M,2017
C,Isabella,Krisha,Maes,M,2019
B,Emily,Granthem,Stokey,M,2019
A,Emily,Hadria,Waulker,F,2018
A,Emily,Jeromy,Furmagier,M,2019
B,Emily,Saw,Heardman,M,2017
A,Emily,Elwyn,Brankley,M,2017
C,Isabella,Tobe,Wimmer,M,2019
C,Isabella,Harman,Harefoot,M,2019
A,Emily,Hugues,Lillegard,M,2017
B,Emily,Storm,Tregunnah,F,2017
B,Emily,Matthew,Bulger,M,2017
B,Emily,Baxie,Dinneen,M,2018
B,Emily,Kelsey,Beneix,M,2019
B,Emily,Germain,Beeck,F,2019
B,Emily,Chucho,Ratnage,M,2019
A,Emily,Lucius,Brasener,M,2019
B,Emily,Reinhard,Maddaford,M,2018
C,Isabella,Melanie,Darkins,F,2019
C,Isabella,Mara,Metzing,F,2019
B,Emily,Niven,Emlen,M,2018
A,Emily,Boycie,Jennaroy,M,2017
C,Isabella,Helene,Airth,F,2019
A,Emily,Debera,Chafer,F,2017
B,Emily,Damiano,Hanmore,M,2019
A,Emily,Shandeigh,Osband,F,2017
B,Emily,Carver,Leivers,M,2019
C,Isabella,Deck,Lade,M,2018
A,Emily,Pamella,Chittock,F,2017
B,Emily,Axel,Branchet,M,2018
B,Emily,Jamie,Grice,M,2018
B,Emily,Tabby,Cacacie,M,2018
C,Isabella,Celisse,Hissie,F,2019
C,Isabella,Noreen,Gilfoy,F,2018
C,Isabella,Miguela,Ilieve,F,2017
B,Emily,Kaela,Corballis,F,2017
B,Emily,Amelia,Cutill,F,2018
A,Emily,Issiah,Shrubsall,M,2017
B,Emily,Byrom,Karpfen,M,2018
C,Isabella,Ethelin,Ambler,F,2019
A,Emily,Wilton,Keith,M,2017
C,Isabella,Sallee,Pentercost,F,2019
B,Emily,Geri,McGraw,M,2018
C,Isabella,Zebadiah,Iley,M,2018
B,Emily,Lyndsie,Cudbertson,F,2018
A,Emily,Darlleen,Quantrill,F,2017
C,Isabella,Malinde,Vaines,F,2017
B,Emily,Alberta,Mileham,F,2019
A,Emily,Mirella,Comellini,F,2018
C,Isabella,Domenico,Hartzenberg,M,2018
C,Isabella,Inessa,Orgill,F,2017
B,Emily,Brina,Eckly,F,2019
C,Isabella,Bail,Dashkov,M,2019
A,Emily,Rafaello,Hayton,M,2017
B,Emily,Giffy,Pentelo,M,2017
B,Emily,Alan,Brimner,M,2017
B,Emily,Thorndike,Pigeon,M,2018
B,Emily,Chucho,Colebeck,M,2018
C,Isabella,Tracy,Gabbott,M,2017
B,Emily,Florence,De Meis,F,2019
A,Emily,Gabriela,Cronin,F,2018
C,Isabella,Tammie,Peschmann,M,2019
A,Emily,Samuele,Widdowes,M,2018
A,Emily,Mariel,Pearch,F,2019
B,Emily,Penn,Witchard,M,2019
A,Emily,Marni,Brennen,F,2018
A,Emily,Jess,Klimt,M,2019
C,Isabella,Leonidas,Yegoshin,M,2017
B,Emily,Alard,Blyde,M,2017
B,Emily,Forester,Gokes,M,2017
B,Emily,Stanford,Le Houx,M,2018
C,Isabella,Noelle,Stillman,F,2019
C,Isabella,Letisha,Maybury,F,2019
C,Isabella,Zelig,Fitkin,M,2017
C,Isabella,Witty,Marling,M,2018
C,Isabella,Karlen,Melan,F,2018
B,Emily,Adelbert,Dundon,M,2019
A,Emily,Verge,Tompion,M,2019
B,Emily,Rodger,Hefforde,M,2017
C,Isabella,Leeanne,Boteman,F,2019
A,Emily,Ginger,Duncan,F,2017
B,Emily,Iago,Barthod,M,2018
C,Isabella,Yoshiko,Langforth,F,2019
B,Emily,Robyn,Poynzer,F,2019
A,Emily,Greg,Woof,M,2017
A,Emily,Mata,Balkwill,M,2018
C,Isabella,Ursa,Dixcey,F,2017
C,Isabella,Tasia,Duckworth,F,2018
C,Isabella,Harmony,Corah,F,2017
C,Isabella,Polly,Dillingstone,F,2019
C,Isabella,Elliott,Gidley,M,2019
A,Emily,Bria,Burnup,F,2018
B,Emily,Sauveur,Maffucci,M,2018
A,Emily,Randall,O'Lennane,M,2017
A,Emily,Vanda,Gabites,F,2018
B,Emily,Duky,Larn,M,2018
A,Emily,Tomi,Kenrack,F,2017
C,Isabella,Son,Matura,M,2017
A,Emily,Hadlee,Wiggall,M,2018
A,Emily,Gwenette,Grinov,F,2017
A,Emily,Rodger,Heeks,M,2017
A,Emily,Juliane,Hebson,F,2018
C,Isabella,Ursa,Kaemena,F,2018
B,Emily,Loydie,Gentil,M,2019
C,Isabella,Danella,Bowe,F,2019
A,Emily,Anjela,Warner,F,2019
C,Isabella,Halimeda,Lundbech,F,2019
B,Emily,Mandi,Veryard,F,2018
A,Emily,Jocelyn,Monument,F,2017
A,Emily,Lanie,Lesurf,M,2017
B,Emily,Carroll,Turbat,F,2019
C,Isabella,Matti,MacKereth,F,2017
A,Emily,Ollie,Crocroft,M,2019
A,Emily,Sella,Howorth,F,2019
B,Emily,Bethany,Tennock,F,2018
C,Isabella,Madelina,Hookes,F,2018
C,Isabella,Paige,Rapi,F,2017
C,Isabella,Tricia,Babington,F,2018
B,Emily,Olivia,Hansell,F,2019
A,Emily,Clarabelle,Vanyashin,F,2018
A,Emily,Janina,Boichat,F,2018
C,Isabella,Mischa,Ert,M,2017
C,Isabella,Billie,Brownlie,F,2019
B,Emily,Sheppard,McGaw,M,2018
C,Isabella,Gerri,Cuningham,F,2018
C,Isabella,Beverly,Handforth,F,2017
A,Emily,Averyl,Gregoretti,F,2018
B,Emily,Byram,Gridley,M,2018
A,Emily,Quentin,Lode,M,2017
C,Isabella,Leilah,Owers,F,2019
A,Emily,Mirelle,Becks,F,2019
A,Emily,Constantina,Cobbe,F,2019
A,Emily,Sumner,Ginn,M,2018
C,Isabella,Maximilien,Marling,M,2017
A,Emily,Dannye,Gear,F,2018
A,Emily,Georgy,Barnewelle,M,2017
A,Emily,Brianna,Cantle,F,2017
B,Emily,Kendal,Wrigglesworth,M,2018
C,Isabella,Brandon,Nuschke,M,2017
A,Emily,Orland,Misselbrook,M,2018
A,Emily,Uri,Timmes,M,2019
A,Emily,Clarence,Pinckney,M,2017
B,Emily,Clemente,Guntrip,M,2018
A,Emily,Murry,Mungan,M,2017
A,Emily,Marylou,Heliar,F,2018
A,Emily,Rochester,Farrier,M,2017
C,Isabella,Astrid,Broodes,F,2019
B,Emily,Monti,Ledekker,M,2018
A,Emily,Orton,Rizzardi,M,2017
B,Emily,Gilly,Rosenau,F,2017
A,Emily,Ramsey,Hornung,M,2017
A,Emily,Carr,McGlone,M,2018
C,Isabella,Conant,Callear,M,2017
B,Emily,Benny,Orneblow,M,2018
B,Emily,Vernon,Amsden,M,2017
C,Isabella,Nesta,Goodanew,F,2019
A,Emily,Genevra,Scadden,F,2018
C,Isabella,Millicent,McKeighan,F,2017
B,Emily,Adolf,Hoys,M,2017
B,Emily,Bunnie,O'Hearn,F,2019
B,Emily,Eirena,Lewin,F,2017
B,Emily,Billie,Tomenson,F,2017
A,Emily,Elbertine,Cissen,F,2017
B,Emily,Elisha,Blewitt,F,2019
C,Isabella,Barry,Ilyinykh,M,2019
B,Emily,Herc,Tsar,M,2017
C,Isabella,Jessalyn,Gurnay,F,2019
B,Emily,Chlo,Machen,F,2018
A,Emily,Timotheus,Crich,M,2017
C,Isabella,Bailey,Shovlin,M,2019
A,Emily,Mikkel,Steggles,M,2018
A,Emily,Joyan,Trever,F,2018
C,Isabella,Rodina,Farryan,F,2017
C,Isabella,Rutledge,Victoria,M,2018
B,Emily,Courtney,Davidesco,M,2019
A,Emily,Sindee,McBain,F,2019
A,Emily,Corry,Barten,F,2019
A,Emily,Isadora,Gillani,F,2017
A,Emily,Camala,Leggan,F,2017
B,Emily,Camella,Hogben,F,2018
C,Isabella,Reynold,Philliphs,M,2017
C,Isabella,Izaak,Bayford,M,2018
A,Emily,Mabel,Bottjer,F,2019
A,Emily,Carmina,Wolfarth,F,2019
B,Emily,Jaye,Duxfield,M,2018
A,Emily,Arnie,Tollemache,M,2017
A,Emily,Persis,Campo,F,2019
A,Emily,Juan,Soppett,M,2017
A,Emily,Vinni,Overy,F,2018
B,Emily,Noby,Feldmus,M,2019
C,Isabella,Desmond,De Micoli,M,2017
B,Emily,Angie,Laimable,M,2018
C,Isabella,Trudi,Smallacombe,F,2019
C,Isabella,Roberta,Sawyer,F,2019
C,Isabella,Tani,Kuhl,F,2018
A,Emily,Elbertina,Sheaf,F,2019
C,Isabella,Cari,Burling,F,2018
B,Emily,Cristin,Dilger,F,2018
B,Emily,Dexter,Lovering,M,2019
A,Emily,Brittaney,Skeates,F,2018
B,Emily,Bibbye,Mcall,F,2017
B,Emily,Kameko,Kellert,F,2017
A,Emily,Yorker,Reading,M,2019
C,Isabella,Hunter,Merfin,M,2019
C,Isabella,Dora,Thirlwall,F,2019
C,Isabella,Candra,Le Brom,F,2017
C,Isabella,Siusan,Kirsz,F,2019
B,Emily,Bart,Whittam,M,2017
B,Emily,Jillane,Deavall,F,2018
C,Isabella,Ekaterina,O'Grada,F,2017
B,Emily,Leland,Dyble,M,2019
C,Isabella,Teresa,Mc Mechan,F,2019
A,Emily,Kin,Cutten,M,2019
A,Emily,Shurwood,Blessed,M,2018
C,Isabella,Paulina,Grisenthwaite,F,2017
A,Emily,Fairfax,Crankshaw,M,2017
A,Emily,Eda,Madill,F,2019
C,Isabella,Rosita,Kyne,F,2019
A,Emily,Aviva,Ismirnioglou,F,2019
C,Isabella,Glad,Terran,F,2017
A,Emily,Lynsey,Janicijevic,F,2019
C,Isabella,Melita,McNaught,F,2019
B,Emily,Mycah,Harfoot,M,2018
C,Isabella,Catharina,Lebbern,F,2017
A,Emily,Efrem,Ivett,M,2017
A,Emily,Fairfax,Pipworth,M,2017
C,Isabella,Meier,Jovicevic,M,2018
A,Emily,Coleman,McAlinden,M,2018
B,Emily,Garald,Tricker,M,2017
A,Emily,Alidia,Eakley,F,2018
A,Emily,Valentin,Lock,M,2018
C,Isabella,Ranique,Mulqueeny,F,2018
B,Emily,Jessika,Hew,F,2017
B,Emily,Orelia,Budcock,F,2017
A,Emily,Christean,Vannuccini,F,2018
B,Emily,Julietta,Trevance,F,2017
B,Emily,Melissa,Jaquet,F,2017
B,Emily,Welch,Naile,M,2018
C,Isabella,Juliane,McDuffie,F,2019
A,Emily,Randolph,McPhillips,M,2017
A,Emily,Sherwood,Fenners,M,2019
A,Emily,Harwilll,Broomfield,M,2017
C,Isabella,Lilly,Brunstan,F,2017
C,Isabella,Andrew,Spaule,M,2017
C,Isabella,Chrissy,Buttler,M,2018
C,Isabella,Seward,Lampel,M,2018
C,Isabella,Aguie,Broomhall,M,2018
B,Emily,Letisha,Stiven,F,2017
B,Emily,Katina,O'Driscole,F,2018
A,Emily,Julianne,Valerius,F,2019
C,Isabella,Deeyn,Clemits,F,2017
A,Emily,Allister,Mishaw,M,2019
A,Emily,Allianora,Lingfoot,F,2017
C,Isabella,Nappie,Boscher,M,2017
B,Emily,Mendy,Fanstone,M,2017
A,Emily,Chery,Lucchi,F,2019
A,Emily,Gerri,Degli Antoni,F,2018
B,Emily,Arin,Demcik,M,2019
C,Isabella,Colline,Kwietek,F,2017
C,Isabella,Damian,Benduhn,M,2017
C,Isabella,Jake,Sommerlie,M,2018
A,Emily,Samson,Reisin,M,2017
A,Emily,Adelice,Veltmann,F,2019
B,Emily,Baird,Pree,M,2018
A,Emily,Katlin,Ruoss,F,2019
B,Emily,Chantalle,Englefield,F,2019
A,Emily,Wilma,Van't Hoff,F,2018
A,Emily,Trefor,Marte,M,2018
A,Emily,Ker,Glide,M,2018
B,Emily,Raoul,Cruxton,M,2017
C,Isabella,Obadiah,Etherington,M,2018
B,Emily,Erie,Chason,M,2017
A,Emily,Chickie,Brumfitt,F,2018
A,Emily,Honey,Harness,F,2019
A,Emily,Bessie,MacRitchie,F,2017
B,Emily,Lilly,Faiers,F,2018
B,Emily,Chauncey,Grollmann,M,2019
C,Isabella,Shaina,Vuitton,F,2019
C,Isabella,Artus,Twining,M,2018
A,Emily,Brittney,Raft,F,2019
C,Isabella,Gannon,Bransgrove,M,2017
C,Isabella,Myranda,O'Neill,F,2017
A,Emily,Nero,Hallor,M,2017
A,Emily,Collette,Cornish,F,2017
C,Isabella,Quinlan,Rosier,M,2018
C,Isabella,Tove,Behninck,F,2019
A,Emily,Batsheva,Brobeck,F,2019
A,Emily,Ransell,Spenton,M,2018
A,Emily,Troy,Greenslade,M,2018
A,Emily,Taddeo,Fudge,M,2018
C,Isabella,Rosella,Rennolds,F,2018
C,Isabella,Beatriz,Perfitt,F,2017
B,Emily,Avram,Widdison,M,2018
C,Isabella,Garrik,Maw,M,2019
A,Emily,Clive,Alessandrelli,M,2017
B,Emily,Beret,Bryning,F,2017
B,Emily,Addy,Conew,F,2019
C,Isabella,Arluene,Body,F,2017
A,Emily,Costa,Petrak,M,2017
B,Emily,Jdavie,Lamartine,M,2017
B,Emily,Cull,Nelthropp,M,2017
B,Emily,Zed,Flowith,M,2017
C,Isabella,Giusto,McCrystal,M,2018
A,Emily,Suzanna,Stanway,F,2017
B,Emily,Stacy,Linger,M,2017
A,Emily,Massimiliano,Sloss,M,2017
C,Isabella,Bethanne,Fyall,F,2017
C,Isabella,Tricia,Mattholie,F,2017
B,Emily,Ximenez,Alleway,M,2017
B,Emily,Juline,Measom,F,2019
B,Emily,Alaric,Jarry,M,2018
B,Emily,Venita,MacCaghan,F,2018
B,Emily,Cindie,Whitear,F,2018
A,Emily,Haydon,Weins,M,2018
A,Emily,Belita,Stillman,F,2019
C,Isabella,Robina,Keneleyside,F,2018
A,Emily,Conny,Aronin,M,2018
A,Emily,Leupold,Cosslett,M,2017
C,Isabella,Truda,Flewett,F,2017
A,Emily,Jereme,Goscomb,M,2017
B,Emily,Kora,O'Grada,F,2019
B,Emily,Kayne,Caddens,M,2019
B,Emily,Sydney,Measor,F,2018
A,Emily,Galvin,ducarme,M,2019
A,Emily,Shayne,Beumant,F,2019
C,Isabella,Richy,Reven,M,2017
B,Emily,Laurent,Rippin,M,2018
B,Emily,Erin,Lynd,M,2017
C,Isabella,Maible,Henrichs,F,2017
B,Emily,Way,Suscens,M,2017
C,Isabella,Meade,Cone,M,2017
A,Emily,Tallia,Cordall,F,2017
C,Isabella,Jeff,Raccio,M,2019
A,Emily,Vicki,Felstead,F,2017
A,Emily,Dagmar,Botwood,F,2017
B,Emily,Bobbie,Bonafacino,M,2018
B,Emily,Cristiano,Mostin,M,2019
A,Emily,Zacharias,Remer,M,2017
A,Emily,Ralina,Elias,F,2017
A,Emily,Winn,Atkins,M,2019
B,Emily,Cordie,Frostdick,M,2017
B,Emily,Rycca,Tinman,F,2017
A,Emily,Shaylynn,Lievesley,F,2019
A,Emily,Jordanna,Moulster,F,2019
C,Isabella,Kasper,Yepiskopov,M,2017
B,Emily,Maye,Andreini,F,2017
A,Emily,Silvana,Donegan,F,2019
A,Emily,Jeanette,Kitt,F,2019
A,Emily,Walsh,Athowe,M,2017
C,Isabella,Romy,Prestner,F,2019
C,Isabella,Catharine,Landal,F,2019
A,Emily,Tadd,Rockhill,M,2019
A,Emily,Zach,McBoyle,M,2018
A,Emily,Kiah,Chastey,F,2018
C,Isabella,Bridget,Prattington,F,2019
B,Emily,Giralda,Ducket,F,2017
A,Emily,Stephan,Canepe,M,2019
C,Isabella,Svend,Jaume,M,2017
B,Emily,Tuckie,Rockwell,M,2018
C,Isabella,Ilyssa,Lazell,F,2018
C,Isabella,Anny,Mandres,F,2017
A,Emily,Lucien,Byatt,M,2018
A,Emily,Yvon,Eden,M,2017
A,Emily,Ynez,Aim,F,2019
B,Emily,Melita,Omrod,F,2018
A,Emily,Teena,Vineall,F,2019
A,Emily,Melva,Lohde,F,2019
C,Isabella,David,Oliver,M,2019
C,Isabella,Kendrick,McGaw,M,2017
B,Emily,Dorian,Swains,F,2017
A,Emily,Erminia,Wrightim,F,2018
B,Emily,Alberik,Attridge,M,2017
A,Emily,Lottie,Pellman,F,2019
A,Emily,Harriet,Schimann,F,2018
B,Emily,Bonny,Dewick,F,2019
A,Emily,Trixy,Steely,F,2017
A,Emily,Adolpho,Tuddall,M,2017
C,Isabella,Rob,Gebbe,M,2019
A,Emily,Toma,Dankov,F,2018
A,Emily,Nigel,Jerrams,M,2019
B,Emily,Fidelity,Harte,F,2019
B,Emily,Zena,Torricella,F,2019
A,Emily,Fidelia,Chapell,F,2017
A,Emily,Bernardo,Samwaye,M,2019
C,Isabella,Frederik,Crumpe,M,2017
C,Isabella,Gena,Sebright,F,2019
C,Isabella,Pat,Episcopio,F,2019
B,Emily,Lisbeth,Lembke,F,2019
C,Isabella,Dulcine,Killingbeck,F,2019
B,Emily,Blanche,Linkleter,F,2017
C,Isabella,Quincey,Bownd,M,2019
B,Emily,Oswald,Peppin,M,2018
B,Emily,Bogey,Hawkings,M,2019
B,Emily,Rae,Bilfoot,F,2017
B,Emily,Averyl,Piddock,F,2018
B,Emily,Lanae,Slessar,F,2018
A,Emily,Samson,Timewell,M,2019
A,Emily,Margarita,Sibbson,F,2018
B,Emily,Putnem,Airdrie,M,2017
C,Isabella,Geoff,Petras,M,2018
C,Isabella,Eberto,Jouaneton,M,2017
C,Isabella,Wilie,Bownde,F,2019
C,Isabella,Sunny,Segoe,F,2019
C,Isabella,Jackson,Munby,M,2017
A,Emily,Sisely,Mahody,F,2017
B,Emily,Bee,Guillou,F,2019
B,Emily,Ricky,Passingham,M,2018
B,Emily,Montague,Briddle,M,2018
B,Emily,Marrissa,Ellen,F,2018
B,Emily,Carmine,Tolefree,M,2017
C,Isabella,Michale,Comfort,M,2018